{
  "section": "8b",
  "fast_mode": true,
  "generated_at": "2026-06-15T20:44:44.811190",
  "k_range": [
    2,
    3,
    4,
    5,
    6
  ],
  "best_k": 2,
  "best_silhouette": 0.15734,
  "best_inertia": 80807.453125,
  "best_davies_bouldin": 2.190163,
  "cluster_sizes": {
    "0": 1931,
    "1": 3997
  },
  "pca_explained_var": [
    0.170389,
    0.120179
  ],
  "all_k_results": {
    "2": {
      "silhouette": 0.15734,
      "inertia": 80807.453125,
      "davies_bouldin": 2.190163
    },
    "3": {
      "silhouette": 0.132698,
      "inertia": 73931.265625,
      "davies_bouldin": 2.522378
    },
    "4": {
      "silhouette": 0.129945,
      "inertia": 69458.328125,
      "davies_bouldin": 2.302281
    },
    "5": {
      "silhouette": 0.119421,
      "inertia": 67460.367188,
      "davies_bouldin": 2.432388
    },
    "6": {
      "silhouette": 0.096723,
      "inertia": 65758.5625,
      "davies_bouldin": 2.659325
    }
  },
  "artifacts": {
    "model": "models\\kmeans_model.pkl",
    "scaler": "models\\kmeans_scaler.pkl"
  }
}